{
  "total_tokens": 42272,
  "total_cost_usd": 0.06693874999999998,
  "total_requests": 137,
  "daily_stats": {
    "2025-08-02": {
      "tokens": 42272,
      "cost": 0.06693874999999998,
      "requests": 137
    }
  },
  "provider_breakdown": {
    "openai": {
      "tokens": 42205,
      "cost": 0.06688699999999997,
      "requests": 134
    },
    "anthropic": {
      "tokens": 67,
      "cost": 5.1750000000000004e-05,
      "requests": 3
    }
  }
}